Group,num_employee,min_age,max_age,ave_age,sum_money
A,4,22,60,35.75,831680.65
B,4,23,43,30,1716045
C,5,20,47,31,2065686
D,3,25,48,34.6666666666667,1515556
Total,16,90,198,131.416666666667,1555253.94583333
